{
    "Assignment_2": {
        "Lights": [
            {
                "ambient": [
                    0.7693671584129333,
                    0.8443264365196228,
                    0.9608541131019592,
                    0.003921568859368563
                ],
                "attenuation": [
                    0.0,
                    0.0,
                    0.0
                ],
                "diffuse": [
                    0.11727505922317505,
                    0.09124758839607239,
                    0.1957295536994934,
                    0.003921568859368563
                ],
                "direction": [
                    -15.899999618530273,
                    4.300000190734863,
                    -25.5
                ],
                "light_name": "Sun Light",
                "light_type": "DirectionalLight",
                "position": [
                    0.0,
                    0.0,
                    0.0
                ],
                "range": 0.0,
                "specular": [
                    0.20760881900787354,
                    0.4290419816970825,
                    0.6014235019683838,
                    0.003921568859368563
                ],
                "spot": 0.0
            },
            {
                "ambient": [
                    0.028469741344451904,
                    0.022188162431120872,
                    0.022188162431120872,
                    0.003921568859368563
                ],
                "attenuation": [
                    1.0,
                    0.3799999952316284,
                    0.15000000596046448
                ],
                "diffuse": [
                    0.14817441999912262,
                    0.8327401876449585,
                    0.35768547654151917,
                    0.003921568859368563
                ],
                "direction": [
                    0.0,
                    0.0,
                    0.0
                ],
                "light_name": "lamp light",
                "light_type": "SpotLight",
                "position": [
                    -2.5,
                    1.899999976158142,
                    0.4000000059604645
                ],
                "range": 0.0,
                "specular": [
                    0.6402554512023926,
                    0.5887336730957031,
                    0.8149466514587402,
                    0.003921568859368563
                ],
                "spot": 0.0
            },
            {
                "ambient": [
                    0.1672598123550415,
                    0.1327364295721054,
                    0.1327364295721054,
                    0.003921568859368563
                ],
                "attenuation": [
                    1.0,
                    0.6000000238418579,
                    0.9300000071525574
                ],
                "diffuse": [
                    0.32384341955184937,
                    0.07606286555528641,
                    0.07606286555528641,
                    0.003921568859368563
                ],
                "direction": [
                    0.0,
                    0.0,
                    0.0
                ],
                "light_name": "focus light",
                "light_type": "PointLight",
                "position": [
                    -9.199999809265137,
                    1.0,
                    -1.5
                ],
                "range": 8.0,
                "specular": [
                    0.5675349831581116,
                    0.38170740008354187,
                    0.9750889539718628,
                    0.003921568859368563
                ],
                "spot": 0.0
            },
            {
                "ambient": [
                    0.0,
                    0.0,
                    0.0,
                    0.003921568859368563
                ],
                "attenuation": [
                    1.0,
                    0.28999999165534973,
                    0.550000011920929
                ],
                "diffuse": [
                    0.7188612222671509,
                    0.4911791980266571,
                    0.4911791980266571,
                    0.003921568859368563
                ],
                "direction": [
                    0.0,
                    0.0,
                    0.0
                ],
                "light_name": "radom one",
                "light_type": "SpotLight",
                "position": [
                    -3.5,
                    9.100000381469727,
                    0.800000011920929
                ],
                "range": 0.0,
                "specular": [
                    0.790035605430603,
                    0.7028786540031433,
                    0.7028786540031433,
                    0.003921568859368563
                ],
                "spot": 0.0
            }
        ],
        "Objects": [
            {
                "object_name": "Sea Object",
                "object_type": "CubeObject",
                "texture_path": "Data/textures/sea.jpg",
                "transform": {
                    "rotation": [
                        0.0,
                        -3.799999952316284,
                        0.0
                    ],
                    "scale": [
                        15.0,
                        0.10000000149011612,
                        15.0
                    ],
                    "translation": [
                        -6.599999904632568,
                        0.0,
                        -4.0
                    ]
                }
            },
            {
                "object_name": "Wooden Plank",
                "object_type": "CubeObject",
                "texture_path": "Data/textures/texture_2.jpg",
                "transform": {
                    "rotation": [
                        0.0,
                        0.5,
                        0.0
                    ],
                    "scale": [
                        0.800000011920929,
                        0.5,
                        4.0
                    ],
                    "translation": [
                        -5.099999904632568,
                        0.6000000238418579,
                        0.6000000238418579
                    ]
                }
            },
            {
                "object_name": "Galaxy Ball",
                "object_type": "SphereObject",
                "texture_path": "Data/textures/ball texture.jpg",
                "transform": {
                    "rotation": [
                        0.0,
                        0.0,
                        0.0
                    ],
                    "scale": [
                        1.7000000476837158,
                        1.399999976158142,
                        1.7000000476837158
                    ],
                    "translation": [
                        -1.899999976158142,
                        0.20000000298023224,
                        0.0
                    ]
                }
            },
            {
                "object_name": "Swim Ring",
                "object_type": "TorusObject",
                "texture_path": "Data/textures/swim ring.jpg",
                "transform": {
                    "rotation": [
                        2.0999999046325684,
                        -64.0999984741211,
                        9.899999618530273
                    ],
                    "scale": [
                        1.0,
                        1.0,
                        1.0
                    ],
                    "translation": [
                        -7.300000190734863,
                        1.0,
                        0.0
                    ]
                }
            },
            {
                "object_name": "Destroyed Crate",
                "object_type": "PrismObject",
                "texture_path": "Data/textures/wooden.jpg",